2025-04-14 13:51:09,admin@123,Login
2025-04-14 13:52:39,admin@123,Login
2025-04-14 13:54:33,admin@123,Login
2025-04-14 13:56:22,admin@123,Login
2025-04-14 13:56:36,admin@123,Login
2025-04-14 13:58:21,admin@123,Login
2025-04-14 14:04:53,admin@123,Login
2025-04-14 14:06:19,admin@123,Login
2025-04-14 16:19:19,admin@123,Login
2025-04-14 16:20:41,admin@123,Login
2025-04-14 16:21:47,admin@123,Login
2025-04-14 16:29:21,admin@123,Login
2025-04-14 16:31:07,admin@123,Login
2025-04-14 16:32:50,admin@123,Login
2025-04-14 16:35:18,admin@123,Login
2025-04-14 16:39:00,admin@123,Login
2025-04-14 16:39:20,admin@123,Login
2025-04-14 16:40:03,admin@123,Login
2025-04-14 16:41:47,admin@123,Login
2025-04-14 16:42:25,admin@123,Login
2025-04-14 16:47:02,admin@123,Login
2025-04-14 20:29:27,admin@123,Login
2025-04-14 20:46:55,admin@1234,Login
2025-04-14 20:52:38,admin@123,Login
2025-04-14 20:58:17,admin@123,Login
2025-04-14 21:36:29,admin@123,Login
2025-04-14 21:40:29,admin@123,Login
2025-04-14 21:42:17,admin@123,Login
2025-04-14 21:43:09,admin@123,Login
2025-04-14 21:49:48,admin@123,Login
2025-04-14 21:56:50,admin@123,Login
2025-04-14 22:01:46,admin@123,Login
2025-04-14 22:03:50,admin@123,Login
2025-04-14 22:06:26,admin@123,Login
2025-04-15 05:49:56,admin@123,Login
2025-04-15 05:50:29,admin@123,Login
2025-04-15 06:24:16,admin@123,Login
2025-04-15 06:25:21,admin@123,Login
2025-04-15 06:28:21,admin@123,Login
2025-04-15 06:30:39,admin@123,Login
2025-04-15 06:31:28,admin@123,Login
2025-04-15 06:34:43,admin@1234,Login
2025-04-15 09:20:59,admin@123,Login
2025-04-15 09:32:52,admin@123,Login
2025-04-15 09:47:27,admin@123,Login
2025-04-15 09:52:41,admin@123,Login
2025-04-15 10:15:37,admin@123,Login
2025-04-15 11:44:43,admin@123,Login
2025-04-15 11:45:09,admin@123,Login
2025-04-15 11:46:12,admin@123,Login
2025-04-15 13:23:57,admin@123,Login
2025-04-15 14:05:00,admin@123,Login
2025-04-15 14:09:23,admin@123,Login
2025-04-18 09:18:33,admin@123,Login
2025-04-18 09:28:36,admin@123,Login
2025-04-18 09:32:32,admin@123,Login
2025-04-18 09:34:36,admin@123,Login
2025-04-18 09:35:03,admin@123,Login
2025-04-18 11:09:35,admin@123,Login
2025-04-19 12:02:35,admin@123,Login
2025-04-19 12:09:13,admin@123,Login
2025-04-19 12:23:51,admin@123,Login
2025-04-19 12:25:45,admin@123,Login
2025-04-19 12:26:28,admin@123,Login
2025-04-19 12:33:55,admin@123,Login
2025-04-19 13:01:37,admin@123,Login
2025-04-19 13:03:09,admin@123,Login
2025-04-19 13:07:14,admin@123,Login
2025-04-19 14:22:07,admin@123,Login
2025-04-19 14:23:51,admin@123,Login
2025-04-19 21:37:53,admin@123,Login
2025-04-19 21:47:14,admin@123,Login
2025-04-19 21:52:56,admin@123,Login
2025-04-19 21:57:28,admin@123,Login
2025-04-19 21:58:43,admin@123,Login
2025-04-19 22:00:05,admin@123,Login
2025-04-19 22:01:26,admin@123,Login
2025-04-19 22:04:22,admin@123,Login
2025-04-19 23:28:37,admin@123,Login
2025-04-19 23:30:18,admin@123,Login
2025-04-19 23:32:26,admin@123,Login
2025-04-19 23:38:11,admin@123,Login
2025-04-21 21:56:30,admin@123,Login
2025-04-21 21:58:53,admin@123,Login
2025-04-21 23:28:49,admin@123,Login
2025-04-22 09:19:37,admin@123,Login
2025-04-22 09:21:30,admin@123,Login
2025-04-22 09:29:55,admin@123,Login
2025-04-22 09:32:55,admin@123,Login
2025-04-22 09:35:23,admin@123,Login
2025-04-22 09:38:52,admin@123,Login
2025-04-22 09:40:11,admin@123,Login
2025-04-22 09:43:40,admin@123,Login
2025-04-22 09:49:00,admin@123,Login
2025-04-22 09:52:56,admin@123,Login
2025-04-22 09:55:07,admin@123,Login
2025-04-22 09:55:56,admin@123,Login
